{"stats":{"minecraft:picked_up":{"whisperwoods:hirschgeist_skull":1,"minecraft:bone":2,"minecraft:leather":2,"undead_expansion:cursed_cloth":1,"minecraft:beef":2,"minecraft:porkchop":12,"quark:tallow":12,"mca:book_romance":1},"minecraft:killed":{"undead_expansion:revenant":1,"minecraft:pig":6,"whisperwoods:hirschgeist":1,"minecraft:cow":1},"minecraft:used":{"whisperwoods:hirschgeist_spawn_egg":1,"undead_expansion:grave_scythe":3,"undead_expansion:revenant_spawn_egg":1,"magistuarmory:netherite_stylet":29},"minecraft:custom":{"minecraft:time_since_rest":4851,"minecraft:play_one_minute":4851,"minecraft:crouch_one_cm":315,"minecraft:sprint_one_cm":2567,"tombstone:undead_killed":1,"minecraft:walk_one_cm":6385,"minecraft:sneak_time":346,"minecraft:mob_kills":9,"minecraft:drop":5,"minecraft:jump":82,"minecraft:damage_dealt":2560,"minecraft:leave_game":1,"minecraft:time_since_death":4851,"minecraft:fly_one_cm":108723},"minecraft:dropped":{"quark:tallow":2,"minecraft:leather":2,"mca:book_romance":1,"minecraft:beef":2,"magistuarmory:netherite_stylet":1}},"DataVersion":2586}