{"stats":{"minecraft:used":{"minecraft:dirt":1},"minecraft:mined":{"minecraft:grass":4,"minecraft:grass_block":1},"minecraft:killed":{"minecraft:cow":1},"minecraft:dropped":{"minecraft:wheat_seeds":1,"minecraft:ink_sac":2},"minecraft:custom":{"minecraft:time_since_rest":5713,"minecraft:play_one_minute":5713,"minecraft:crouch_one_cm":412,"minecraft:sprint_one_cm":24163,"minecraft:damage_taken":100,"minecraft:walk_one_cm":15464,"minecraft:sneak_time":176,"minecraft:walk_under_water_one_cm":250,"minecraft:mob_kills":1,"minecraft:drop":2,"minecraft:jump":167,"minecraft:damage_dealt":10,"minecraft:time_since_death":5713,"minecraft:walk_on_water_one_cm":1766,"minecraft:swim_one_cm":1160,"minecraft:fall_one_cm":3580,"minecraft:fly_one_cm":80796},"minecraft:picked_up":{"minecraft:wheat_seeds":1,"minecraft:ink_sac":2,"minecraft:dirt":1}},"DataVersion":2586}