{"stats":{"minecraft:picked_up":{"minecraft:wheat_seeds":1,"minecraft:dirt":1},"minecraft:mined":{"minecraft:grass":2,"minecraft:grass_block":1},"minecraft:dropped":{"minecraft:wheat_seeds":1},"minecraft:custom":{"minecraft:jump":73,"minecraft:time_since_rest":2606,"minecraft:crouch_one_cm":62,"minecraft:damage_dealt":79,"minecraft:play_one_minute":2606,"minecraft:damage_taken":100,"minecraft:sprint_one_cm":8810,"minecraft:walk_on_water_one_cm":234,"minecraft:time_since_death":2606,"minecraft:walk_one_cm":7273,"minecraft:sneak_time":6,"minecraft:drop":1,"minecraft:fall_one_cm":1105,"minecraft:fly_one_cm":19459},"minecraft:used":{"minecraft:dirt":1}},"DataVersion":2586}